Iteration,Accuracy
1,0.929231
2,0.940769
3,0.941538
4,0.942308
5,0.942308
6,0.943077
7,0.942308
8,0.943077
9,0.942308
10,0.943077
