Iteration,Accuracy
1,0.776154
2,0.852308
3,0.857692
4,0.853077
5,0.854615
6,0.853077
7,0.853846
8,0.853077
9,0.854615
10,0.853077
